Algorithm,Adj_P,Adj_R,F1_Adj,Arrow_P,Arrow_R,F1_Arrow,SHD,Time(s),Edges
"tsFCI(α=0.05, τ=2)",0.40540540540540543,0.7894736842105263,0.5357142857142857,0.18181818181818182,0.631578947368421,0.2823529411764706,-99.0,1.5855200290679932,37
