Algorithm,Adj_P,Adj_R,F1_Adj,Arrow_P,Arrow_R,F1_Arrow,SHD,Time(s),Edges
"LPCMCI-GPDC(α=0.05, τ=2)",0.5555555555555556,0.2631578947368421,0.35714285714285715,0.25,0.15789473684210525,0.1935483870967742,-99.0,3099.6416580677032,9
