Algorithm,Adj_P,Adj_R,F1_Adj,Arrow_P,Arrow_R,F1_Arrow,SHD,Time(s),Edges
"SVAR-FCI(α=0.05, p=2)",0.5,0.42105263157894735,0.45714285714285713,0.2777777777777778,0.2631578947368421,0.27027027027027023,-99.0,2264.4705119132996,16
