Algorithm,Adj_P,Adj_R,F1_Adj,Arrow_P,Arrow_R,F1_Arrow,SHD,Edges
LPCMCI_0.05_2_,0.35,0.3684210526315789,0.358974358974359,0.07692307692307693,0.10526315789473684,0.08888888888888889,-99.0,20
SVAR-FCI_0.05_p_2_,0.5,0.42105263157894735,0.45714285714285713,0.2777777777777778,0.2631578947368421,0.27027027027027023,-99.0,16
tsFCI_0.05_2_,0.40540540540540543,0.7894736842105263,0.5357142857142857,0.18181818181818182,0.631578947368421,0.2823529411764706,-99.0,37
