Algorithm,Adj_P,Adj_R,F1_Adj,Arrow_P,Arrow_R,F1_Arrow,SHD,Edges
GES_local_score_BIC_,0.29545454545454547,0.6842105263157895,0.41269841269841273,,0.0,,50.0,44
LPCMCI-CMI-KNN_0.05_2_,0.7142857142857143,0.2631578947368421,0.3846153846153846,0.42857142857142855,0.15789473684210525,0.23076923076923078,-99.0,7
LPCMCI-GPDC_0.05_2_,0.5555555555555556,0.2631578947368421,0.35714285714285715,0.25,0.15789473684210525,0.1935483870967742,-99.0,9
LPCMCI-PARCORR_0.05_2_,0.35,0.3684210526315789,0.358974358974359,0.07692307692307693,0.10526315789473684,0.08888888888888889,-99.0,20
LPCMCI_0.05_2_,0.35,0.3684210526315789,0.358974358974359,0.07692307692307693,0.10526315789473684,0.08888888888888889,-99.0,20
SVAR-FCI_0.05_p_2_,0.5,0.42105263157894735,0.45714285714285713,0.2777777777777778,0.2631578947368421,0.27027027027027023,-99.0,16
SVAR-GFCI_0.05_p_2_,0.6666666666666666,0.21052631578947367,0.32,0.3333333333333333,0.10526315789473684,0.16,-99.0,6
tsFCI_0.05_2_,0.40540540540540543,0.7894736842105263,0.5357142857142857,0.18181818181818182,0.631578947368421,0.2823529411764706,-99.0,37
