{
  "algorithm_name": "SVAR-GFCI(\u03b1=0.05, p=2)",
  "safe_name": "SVAR-GFCI_0.05_p_2_",
  "elapsed_time": 134.40715217590332,
  "metrics": {
    "adj_precision": 0.6111111111111112,
    "adj_recall": 0.5789473684210527,
    "f1_adj": 0.5945945945945946,
    "arrow_precision": 0.3333333333333333,
    "arrow_recall": 0.3157894736842105,
    "f1_arrow": 0.3243243243243243,
    "shd": -99.0
  },
  "error": null,
  "graph_path": "results/debug_run/graphs/graph_SVAR-GFCI_0.05_p_2_.txt",
  "edges": 18,
  "created_at": "2025-12-05T03:52:53.835141Z"
}