Algorithm,Adj_P,Adj_R,F1_Adj,Arrow_P,Arrow_R,F1_Arrow,SHD,Time(s),Edges
"LPCMCI-RIDGE(α=0.05, τ=2)",0.4,0.42105263157894735,0.41025641025641024,0.125,0.15789473684210525,0.13953488372093023,-99.0,13.776150703430176,20
