{
  "algorithm_name": "FCI(\u03b1=0.05)",
  "safe_name": "FCI_0.05_",
  "elapsed_time": 0.0043337345123291016,
  "metrics": {
    "adj_precision": 0.3333333333333333,
    "adj_recall": 1.0,
    "f1_adj": 0.5,
    "arrow_precision": 0.2857142857142857,
    "arrow_recall": 0.4,
    "f1_arrow": 0.3333333333333333,
    "shd": -99.0
  },
  "error": null,
  "graph_path": "results/run_all_housing_20251204_214543/graphs/graph_FCI_0.05_.txt",
  "edges": 15,
  "created_at": "2025-12-05T02:56:35.745767Z"
}