{
  "algorithm_name": "LPCMCI-GPDC(\u03b1=0.05, \u03c4=2)",
  "safe_name": "LPCMCI-GPDC_0.05_2_",
  "elapsed_time": 648.4385600090027,
  "metrics": {
    "adj_precision": 0.6666666666666666,
    "adj_recall": 0.4,
    "f1_adj": 0.5,
    "arrow_precision": 0.4,
    "arrow_recall": 0.4,
    "f1_arrow": 0.4000000000000001,
    "shd": -99.0
  },
  "error": null,
  "graph_path": "results/run_all_housing_20251204_214543/graphs/graph_LPCMCI-GPDC_0.05_2_.txt",
  "edges": 3,
  "created_at": "2025-12-05T02:56:35.289937Z"
}