{
  "algorithm_name": "SVAR-FCI(\u03b1=0.05, p=2)",
  "safe_name": "SVAR-FCI_0.05_p_2_",
  "elapsed_time": 0.46555423736572266,
  "metrics": {
    "adj_precision": 0.5,
    "adj_recall": 0.4,
    "f1_adj": 0.4444444444444445,
    "arrow_precision": 0.3333333333333333,
    "arrow_recall": 0.4,
    "f1_arrow": 0.3636363636363636,
    "shd": -99.0
  },
  "error": null,
  "graph_path": "results/run_all_housing_20251204_214543/graphs/graph_SVAR-FCI_0.05_p_2_.txt",
  "edges": 4,
  "created_at": "2025-12-05T02:45:46.847140Z"
}