{
  "algorithm_name": "LPCMCI-RIDGE(\u03b1=0.05, \u03c4=2)",
  "safe_name": "LPCMCI-RIDGE_0.05_2_",
  "elapsed_time": 13.776150703430176,
  "metrics": {
    "adj_precision": 0.4,
    "adj_recall": 0.42105263157894735,
    "f1_adj": 0.41025641025641024,
    "arrow_precision": 0.125,
    "arrow_recall": 0.15789473684210525,
    "f1_arrow": 0.13953488372093023,
    "shd": -99.0
  },
  "error": null,
  "graph_path": "results/monetarylongrun/graphs/graph_LPCMCI-RIDGE_0.05_2_.txt",
  "edges": 20,
  "created_at": "2025-12-09T02:44:01.391549Z"
}