{
  "algorithm_name": "LPCMCI-PARCORR(\u03b1=0.05, \u03c4=2)",
  "safe_name": "LPCMCI-PARCORR_0.05_2_",
  "elapsed_time": 532.7058570384979,
  "metrics": {
    "adj_precision": 0.35,
    "adj_recall": 0.3684210526315789,
    "f1_adj": 0.358974358974359,
    "arrow_precision": 0.07692307692307693,
    "arrow_recall": 0.10526315789473684,
    "f1_arrow": 0.08888888888888889,
    "shd": -99.0
  },
  "error": null,
  "graph_path": "results/monetary_longrun/graphs/graph_LPCMCI-PARCORR_0.05_2_.txt",
  "edges": 20,
  "created_at": "2025-12-04T20:38:07.196094Z"
}