{
  "algorithm_name": "LPCMCI-GPDC(\u03b1=0.05, \u03c4=2)",
  "safe_name": "LPCMCI-GPDC_0.05_2_",
  "elapsed_time": 3099.6416580677032,
  "metrics": {
    "adj_precision": 0.5555555555555556,
    "adj_recall": 0.2631578947368421,
    "f1_adj": 0.35714285714285715,
    "arrow_precision": 0.25,
    "arrow_recall": 0.15789473684210525,
    "f1_arrow": 0.1935483870967742,
    "shd": -99.0
  },
  "error": null,
  "graph_path": "results/monetary_longrun/graphs/graph_LPCMCI-GPDC_0.05_2_.txt",
  "edges": 9,
  "created_at": "2025-12-04T22:45:15.754504Z"
}