{
  "algorithm_name": "LPCMCI-CMI-KNN(\u03b1=0.05, \u03c4=2)",
  "safe_name": "LPCMCI-CMI-KNN_0.05_2_",
  "elapsed_time": 1366.3948769569397,
  "metrics": {
    "adj_precision": 0.7142857142857143,
    "adj_recall": 0.2631578947368421,
    "f1_adj": 0.3846153846153846,
    "arrow_precision": 0.42857142857142855,
    "arrow_recall": 0.15789473684210525,
    "f1_arrow": 0.23076923076923078,
    "shd": -99.0
  },
  "error": null,
  "graph_path": "results/monetary_longrun/graphs/graph_LPCMCI-CMI-KNN_0.05_2_.txt",
  "edges": 7,
  "created_at": "2025-12-04T21:00:54.442964Z"
}