{
  "algorithm_name": "tsFCI(\u03b1=0.05, \u03c4=2)",
  "safe_name": "tsFCI_0.05_2_",
  "elapsed_time": 1.5855200290679932,
  "metrics": {
    "adj_precision": 0.40540540540540543,
    "adj_recall": 0.7894736842105263,
    "f1_adj": 0.5357142857142857,
    "arrow_precision": 0.18181818181818182,
    "arrow_recall": 0.631578947368421,
    "f1_arrow": 0.2823529411764706,
    "shd": -99.0
  },
  "error": null,
  "graph_path": "results/monetary_longrun/graphs/graph_tsFCI_0.05_2_.txt",
  "edges": 37,
  "created_at": "2025-12-04T05:05:28.564831Z"
}