Algorithm,Adj_P,Adj_R,F1_Adj,Arrow_P,Arrow_R,F1_Arrow,SHD,Time(s),Edges
"SVAR-FCI(α=0.05, p=2)",0.5,0.4,0.4444444444444445,0.3333333333333333,0.4,0.3636363636363636,-99.0,0.9784069061279297,4
