Algorithm,Adj_P,Adj_R,F1_Adj,Arrow_P,Arrow_R,F1_Arrow,SHD,Edges
FCIα_005,0.38095238095238093,1.0,0.5517241379310345,0.2,0.125,0.15384615384615385,20.0,21
GESlocal_score_BIC,0.2777777777777778,0.625,0.3846153846153846,,0.0,,21.0,18
LPCMCIα_005_τ_2,0.5454545454545454,0.75,0.631578947368421,0.45454545454545453,0.625,0.5263157894736842,-99.0,11
PCα_005,0.25,0.5,0.3333333333333333,,0.0,,20.0,16
SVAR-FCIα_005_p_2,0.5454545454545454,0.75,0.631578947368421,0.3333333333333333,0.5,0.4,-99.0,11
SVAR-GFCIα_005_p_2,0.6,0.75,0.6666666666666665,0.5,0.625,0.5555555555555556,7.0,10
tsFCIα_005_τ_2,0.5,0.875,0.6363636363636364,0.35714285714285715,0.625,0.45454545454545453,-99.0,14
reference_graph,1.0,1.0,1.0,1.0,1.0,1.0,0.0,8
